id,Tg,FFV,Tc,Density,Rg
1109053969,370.40470018109903,0.36937998743952466,0.1728856699496432,1.2506737023124121,24.645017935425525
1422188626,349.47261403815753,0.37862675782564015,0.21368273655704084,1.115891531285352,22.741932456535146
2032016830,244.48619469116537,0.35452422228269254,0.26082001385515063,1.095348796701733,22.102477650275958
