id,Tg,FFV,Tc,Density,Rg
1109053969,394.58086853027345,0.3662678599357605,0.2123832404613495,1.300376057624817,28.467304229736328
1422188626,368.9845642089844,0.38067761063575745,0.20784366130828857,1.114854097366333,22.513408660888672
2032016830,258.39584197998045,0.3561381995677948,0.2729020118713379,1.154758095741272,26.0521297454834
