id,Tg,FFV,Tc,Density,Rg
1109053969,326.656576538086,0.3659668564796448,0.16613739728927612,1.222072958946228,23.880756378173828
1422188626,319.41614685058596,0.37866663932800293,0.21136438846588135,1.0946142673492432,24.02378273010254
2032016830,266.973046875,0.3518471419811249,0.28001460433006287,1.107089638710022,23.02657127380371
