id,Tg,FFV,Tc,Density,Rg
1109053969,370.272299194336,0.3651575744152069,0.21472541987895966,1.1218020915985107,20.563722610473633
1422188626,360.5466796875,0.38189181685447693,0.21636362373828888,1.0793960094451904,19.557113647460938
2032016830,287.3141235351562,0.3570269048213959,0.2557390630245209,1.1240285634994507,18.867483139038086
