Model,wMAE,hidden_dim,num_layers,gnn_type,dropout,epochs,batch_size,lr,training_time_s
GNN_Deeper,0.18462623599103314,128,4,gcn,0.2,50,64,0.001,160.18729305267334
GNN_LongTrain,0.18740162998644774,128,3,gcn,0.2,100,64,0.001,238.359778881073
GNN_Wider,0.19318763674907738,256,3,gcn,0.2,50,32,0.0005,296.27432322502136
GNN_Baseline,0.20541826909661443,64,2,gcn,0.1,50,64,0.001,53.85741329193115
