Model,wMAE,hidden_dim,num_layers,gnn_type,dropout,epochs,batch_size,lr,training_time_s
GNN_Deeper,0.18466808419396166,128,4,gcn,0.2,50,64,0.001,99.4239571094513
GNN_Wider,0.1947803637867812,256,3,gcn,0.2,50,32,0.0005,160.96917605400085
GNN_LongTrain,0.20251077698477468,128,3,gcn,0.2,100,64,0.001,119.26729416847229
GNN_Baseline,0.2114741023278369,64,2,gcn,0.1,50,64,0.001,37.571934938430786
